Tempo;Deslocamento;Força;Deformação à tração (Deslocamento);Deslocamento à tração;Quantidade de PIP;Tenacidade;Tensão à tração
(s);(mm);(kN);(%);(mm);;(N/tex);(MPa)
"0,0000";"-0,0001";"0,0000";"-0,0001";"-0,0002";"0,0000";"0,0069";"0,0001"
"0,0200";"0,0005";"0,0006";"0,0002";"0,0004";"0,0000";"0,6215";"0,0104"
"0,0400";"0,0054";"0,0058";"0,0028";"0,0053";"0,0000";"5,7759";"0,0963"
"0,0600";"0,0153";"0,0159";"0,0080";"0,0152";"0,0000";"15,8711";"0,2645"
"0,0800";"0,0271";"0,0277";"0,0142";"0,0270";"0,0000";"27,7298";"0,4622"
"0,1000";"0,0393";"0,0399";"0,0207";"0,0392";"0,0000";"39,9192";"0,6653"
"0,1200";"0,0512";"0,0517";"0,0269";"0,0512";"0,0000";"51,6985";"0,8616"
"0,1400";"0,0635";"0,0637";"0,0334";"0,0635";"0,0000";"63,7013";"1,0617"
"0,1600";"0,0761";"0,0758";"0,0400";"0,0760";"0,0000";"75,7847";"1,2631"
"0,1800";"0,0887";"0,0878";"0,0466";"0,0886";"0,0000";"87,7932";"1,4632"
"0,2000";"0,1016";"0,1000";"0,0534";"0,1015";"0,0000";"99,9648";"1,6661"
"0,2200";"0,1148";"0,1123";"0,0604";"0,1147";"0,0000";"112,3438";"1,8724"
"0,2400";"0,1282";"0,1247";"0,0674";"0,1281";"0,0000";"124,6870";"2,0781"
"0,2600";"0,1414";"0,1368";"0,0744";"0,1413";"0,0000";"136,8394";"2,2807"
"0,2800";"0,1550";"0,1491";"0,0815";"0,1549";"0,0000";"149,1063";"2,4851"
"0,3000";"0,1690";"0,1617";"0,0889";"0,1689";"0,0000";"161,7281";"2,6955"
"0,3200";"0,1830";"0,1741";"0,0963";"0,1829";"0,0000";"174,1297";"2,9022"
"0,3400";"0,1970";"0,1865";"0,1037";"0,1970";"0,0000";"186,4571";"3,1076"
"0,3600";"0,2114";"0,1989";"0,1112";"0,2113";"0,0000";"198,9080";"3,3151"
"0,3800";"0,2259";"0,2114";"0,1189";"0,2258";"0,0000";"211,4119";"3,5235"
"0,4000";"0,2405";"0,2238";"0,1265";"0,2404";"0,0000";"223,7712";"3,7295"
"0,4200";"0,2549";"0,2359";"0,1341";"0,2549";"0,0000";"235,9157";"3,9319"
"0,4400";"0,2697";"0,2482";"0,1419";"0,2696";"0,0000";"248,1650";"4,1361"
"0,4600";"0,2846";"0,2606";"0,1498";"0,2846";"0,0000";"260,5663";"4,3428"
"0,4800";"0,2997";"0,2729";"0,1577";"0,2996";"0,0000";"272,8831";"4,5481"
"0,5000";"0,3147";"0,2850";"0,1656";"0,3146";"0,0000";"285,0101";"4,7502"
"0,5200";"0,3297";"0,2971";"0,1735";"0,3296";"0,0000";"297,0800";"4,9513"
"0,5400";"0,3448";"0,3092";"0,1814";"0,3447";"0,0000";"309,1837";"5,1531"
"0,5600";"0,3603";"0,3215";"0,1896";"0,3602";"0,0000";"321,4878";"5,3581"
"0,5800";"0,3758";"0,3337";"0,1978";"0,3757";"0,0000";"333,6721";"5,5612"
"0,6000";"0,3914";"0,3459";"0,2060";"0,3913";"0,0000";"345,8509";"5,7642"
"0,6200";"0,4073";"0,3582";"0,2143";"0,4072";"0,0000";"358,1740";"5,9696"
"0,6400";"0,4233";"0,3705";"0,2227";"0,4232";"0,0000";"370,5077";"6,1751"
"0,6600";"0,4394";"0,3828";"0,2312";"0,4393";"0,0000";"382,7602";"6,3793"
"0,6800";"0,4556";"0,3951";"0,2397";"0,4555";"0,0000";"395,0853";"6,5848"
"0,7000";"0,4719";"0,4073";"0,2483";"0,4718";"0,0000";"407,3011";"6,7884"
"0,7200";"0,4883";"0,4196";"0,2569";"0,4882";"0,0000";"419,5514";"6,9925"
"0,7400";"0,5049";"0,4319";"0,2657";"0,5048";"0,0000";"431,8816";"7,1980"
"0,7600";"0,5215";"0,4441";"0,2744";"0,5214";"0,0000";"444,0812";"7,4014"
"0,7800";"0,5381";"0,4562";"0,2832";"0,5380";"0,0000";"456,2130";"7,6036"
"0,8000";"0,5546";"0,4681";"0,2919";"0,5545";"0,0000";"468,1362";"7,8023"
"0,8200";"0,5714";"0,4802";"0,3007";"0,5713";"0,0000";"480,1638";"8,0027"
"0,8400";"0,5882";"0,4922";"0,3095";"0,5881";"0,0000";"492,2315";"8,2039"
"0,8600";"0,6052";"0,5042";"0,3185";"0,6051";"0,0000";"504,2495";"8,4042"
"0,8800";"0,6221";"0,5162";"0,3274";"0,6220";"0,0000";"516,1589";"8,6026"
"0,9000";"0,6390";"0,5280";"0,3363";"0,6390";"0,0000";"527,9907";"8,7998"
"0,9200";"0,6561";"0,5398";"0,3453";"0,6560";"0,0000";"539,8391";"8,9973"
"0,9400";"0,6733";"0,5517";"0,3543";"0,6732";"0,0000";"551,7156";"9,1953"
"0,9600";"0,6906";"0,5636";"0,3634";"0,6905";"0,0000";"563,5982";"9,3933"
"0,9800";"0,7082";"0,5756";"0,3727";"0,7081";"0,0000";"575,6143";"9,5936"
"1,0000";"0,7261";"0,5878";"0,3821";"0,7261";"0,0000";"587,8024";"9,7967"
"1,0200";"0,7442";"0,6000";"0,3917";"0,7442";"0,0000";"599,9982";"10,0000"
"1,0400";"0,7625";"0,6122";"0,4013";"0,7624";"0,0000";"612,2036";"10,2034"
"1,0600";"0,7807";"0,6242";"0,4109";"0,7806";"0,0000";"624,2260";"10,4038"
"1,0800";"0,7988";"0,6360";"0,4204";"0,7987";"0,0000";"636,0250";"10,6004"
"1,1000";"0,8168";"0,6476";"0,4299";"0,8167";"0,0000";"647,6450";"10,7941"
"1,1200";"0,8348";"0,6592";"0,4393";"0,8347";"0,0000";"659,1804";"10,9863"
"1,1400";"0,8528";"0,6706";"0,4488";"0,8527";"0,0000";"670,5813";"11,1764"
"1,1600";"0,8709";"0,6820";"0,4583";"0,8708";"0,0000";"681,9911";"11,3665"
"1,1800";"0,8890";"0,6934";"0,4679";"0,8890";"0,0000";"693,3583";"11,5560"
"1,2000";"0,9074";"0,7048";"0,4776";"0,9074";"0,0000";"704,8340";"11,7472"
"1,2200";"0,9262";"0,7165";"0,4874";"0,9261";"0,0000";"716,4744";"11,9412"
"1,2400";"0,9452";"0,7281";"0,4974";"0,9451";"0,0000";"728,0966";"12,1349"
"1,2600";"0,9641";"0,7396";"0,5074";"0,9640";"0,0000";"739,5963";"12,3266"
"1,2800";"0,9834";"0,7513";"0,5175";"0,9833";"0,0000";"751,2573";"12,5210"
"1,3000";"1,0030";"0,7631";"0,5278";"1,0029";"0,0000";"763,0671";"12,7178"
"1,3200";"1,0227";"0,7747";"0,5382";"1,0226";"0,0000";"774,7472";"12,9125"
"1,3400";"1,0423";"0,7862";"0,5485";"1,0422";"0,0000";"786,2475";"13,1041"
"1,3600";"1,0619";"0,7976";"0,5588";"1,0618";"0,0000";"797,6472";"13,2941"
"1,3800";"1,0817";"0,8091";"0,5693";"1,0816";"0,0000";"809,1222";"13,4854"
"1,4000";"1,1018";"0,8207";"0,5798";"1,1017";"0,0000";"820,6993";"13,6783"
"1,4200";"1,1220";"0,8322";"0,5905";"1,1219";"0,0000";"832,2234";"13,8704"
"1,4400";"1,1420";"0,8436";"0,6010";"1,1419";"0,0000";"843,5652";"14,0594"
"1,4600";"1,1622";"0,8549";"0,6116";"1,1621";"0,0000";"854,8857";"14,2481"
"1,4800";"1,1826";"0,8663";"0,6224";"1,1825";"0,0000";"866,2574";"14,4376"
"1,5000";"1,2030";"0,8775";"0,6331";"1,2029";"0,0000";"877,5269";"14,6254"
"1,5200";"1,2234";"0,8887";"0,6438";"1,2233";"0,0000";"888,6976";"14,8116"
"1,5400";"1,2440";"0,8999";"0,6547";"1,2439";"0,0000";"899,9238";"14,9987"
"1,5600";"1,2646";"0,9111";"0,6656";"1,2646";"0,0000";"911,0705";"15,1845"
"1,5800";"1,2854";"0,9222";"0,6765";"1,2853";"0,0000";"922,2162";"15,3703"
"1,6000";"1,3061";"0,9331";"0,6874";"1,3060";"0,0000";"933,1432";"15,5524"
"1,6200";"1,3264";"0,9438";"0,6981";"1,3263";"0,0000";"943,7612";"15,7294"
"1,6400";"1,3467";"0,9542";"0,7087";"1,3466";"0,0000";"954,2347";"15,9039"
"1,6600";"1,3671";"0,9647";"0,7195";"1,3670";"0,0000";"964,7223";"16,0787"
"1,6800";"1,3880";"0,9756";"0,7305";"1,3879";"0,0000";"975,5706";"16,2595"
"1,7000";"1,4092";"0,9866";"0,7417";"1,4092";"0,0000";"986,5541";"16,4426"
"1,7200";"1,4311";"0,9978";"0,7532";"1,4310";"0,0000";"997,8254";"16,6304"
"1,7400";"1,4533";"1,0092";"0,7648";"1,4532";"0,0000";"1009,1655";"16,8194"
"1,7600";"1,4755";"1,0204";"0,7766";"1,4755";"0,0000";"1020,3508";"17,0058"
"1,7800";"1,4980";"1,0315";"0,7884";"1,4979";"0,0000";"1031,5273";"17,1921"
"1,8000";"1,5208";"1,0428";"0,8004";"1,5207";"0,0000";"1042,8018";"17,3800"
"1,8200";"1,5435";"1,0538";"0,8123";"1,5434";"0,0000";"1053,8107";"17,5635"
"1,8400";"1,5662";"1,0647";"0,8243";"1,5661";"0,0000";"1064,6890";"17,7448"
"1,8600";"1,5891";"1,0755";"0,8363";"1,5890";"0,0000";"1075,4998";"17,9250"
"1,8800";"1,6117";"1,0860";"0,8482";"1,6116";"0,0000";"1086,0087";"18,1001"
"1,9000";"1,6342";"1,0963";"0,8601";"1,6341";"0,0000";"1096,3042";"18,2717"
"1,9200";"1,6565";"1,1063";"0,8718";"1,6564";"0,0000";"1106,2535";"18,4376"
"1,9400";"1,6788";"1,1162";"0,8835";"1,6787";"0,0000";"1116,1902";"18,6032"
"1,9600";"1,7014";"1,1263";"0,8955";"1,7014";"0,0000";"1126,2612";"18,7710"
"1,9800";"1,7244";"1,1363";"0,9075";"1,7243";"0,0000";"1136,3401";"18,9390"
"2,0000";"1,7475";"1,1464";"0,9197";"1,7474";"0,0000";"1146,4269";"19,1071"
"2,0200";"1,7709";"1,1565";"0,9320";"1,7708";"0,0000";"1156,4614";"19,2744"
"2,0400";"1,7944";"1,1664";"0,9444";"1,7943";"0,0000";"1166,3805";"19,4397"
"2,0600";"1,8180";"1,1761";"0,9568";"1,8179";"0,0000";"1176,0906";"19,6015"
"2,0800";"1,8417";"1,1858";"0,9693";"1,8416";"0,0000";"1185,7620";"19,7627"
"2,1000";"1,8657";"1,1953";"0,9819";"1,8656";"0,0000";"1195,3151";"19,9219"
"2,1200";"1,8898";"1,2048";"0,9946";"1,8897";"0,0000";"1204,7838";"20,0797"
"2,1400";"1,9145";"1,2144";"1,0076";"1,9144";"0,0000";"1214,3768";"20,2396"
"2,1600";"1,9393";"1,2238";"1,0207";"1,9392";"0,0000";"1223,7806";"20,3963"
"2,1800";"1,9643";"1,2330";"1,0338";"1,9642";"0,0000";"1232,9818";"20,5497"
"2,2000";"1,9894";"1,2419";"1,0470";"1,9893";"0,0000";"1241,9498";"20,6992"
"2,2200";"2,0149";"1,2509";"1,0604";"2,0148";"0,0000";"1250,9048";"20,8484"
"2,2400";"2,0407";"1,2597";"1,0740";"2,0406";"0,0000";"1259,7061";"20,9951"
"2,2600";"2,0667";"1,2683";"1,0877";"2,0667";"0,0000";"1268,3229";"21,1387"
"2,2800";"2,0932";"1,2768";"1,1016";"2,0931";"0,0000";"1276,8364";"21,2806"
"2,3000";"2,1201";"1,2853";"1,1158";"2,1200";"0,0000";"1285,2806";"21,4213"
"2,3200";"2,1473";"1,2935";"1,1301";"2,1472";"0,0000";"1293,4653";"21,5578"
"2,3400";"2,1749";"1,3014";"1,1446";"2,1748";"0,0000";"1301,3855";"21,6898"
"2,3600";"2,2023";"1,3087";"1,1590";"2,2022";"0,0000";"1308,7477";"21,8125"
"2,3800";"2,2302";"1,3160";"1,1737";"2,2301";"0,0000";"1316,0431";"21,9341"
"2,4000";"2,2587";"1,3232";"1,1888";"2,2587";"0,0000";"1323,2314";"22,0539"
"2,4200";"2,2877";"1,3302";"1,2040";"2,2876";"0,0000";"1330,1644";"22,1694"
"2,4400";"2,3174";"1,3369";"1,2196";"2,3173";"0,0000";"1336,9347";"22,2822"
"2,4600";"2,3476";"1,3434";"1,2355";"2,3475";"0,0000";"1343,4227";"22,3904"
"2,4800";"2,3785";"1,3497";"1,2518";"2,3784";"0,0000";"1349,6798";"22,4947"
"2,5000";"2,4095";"1,3554";"1,2681";"2,4094";"0,0000";"1355,3510";"22,5892"
"2,5200";"2,4408";"1,3605";"1,2846";"2,4407";"0,0000";"1360,4781";"22,6746"
"2,5400";"2,4727";"1,3654";"1,3014";"2,4726";"0,0000";"1365,3822";"22,7564"
"2,5600";"2,5056";"1,3702";"1,3187";"2,5055";"0,0000";"1370,1517";"22,8359"
"2,5800";"2,5390";"1,3745";"1,3363";"2,5389";"0,0000";"1374,5221";"22,9087"
"2,6000";"2,5731";"1,3785";"1,3542";"2,5731";"0,0000";"1378,5447";"22,9757"
"2,6200";"2,6080";"1,3822";"1,3726";"2,6079";"0,0000";"1382,2115";"23,0369"
"2,6400";"2,6435";"1,3854";"1,3912";"2,6434";"0,0000";"1385,4500";"23,0908"
"2,6600";"2,6794";"1,3882";"1,4102";"2,6794";"0,0000";"1388,2269";"23,1371"
"2,6800";"2,7159";"1,3905";"1,4294";"2,7158";"0,0000";"1390,5319";"23,1755"
"2,7000";"2,7530";"1,3925";"1,4489";"2,7529";"0,0000";"1392,4727";"23,2079"
"2,7200";"2,7910";"1,3943";"1,4689";"2,7909";"0,0000";"1394,2579";"23,2376"
"2,7400";"2,8298";"1,3958";"1,4893";"2,8297";"0,0000";"1395,7772";"23,2630"
"2,7600";"2,8691";"1,3969";"1,5100";"2,8690";"0,0000";"1396,8522";"23,2809"
"2,7800";"2,9087";"1,3975";"1,5309";"2,9086";"0,0000";"1397,4734";"23,2912"
"2,8000";"2,9488";"1,3978";"1,5520";"2,9488";"0,0000";"1397,7532";"23,2959"
"2,8200";"2,9895";"1,3978";"1,5734";"2,9895";"0,0000";"1397,8416";"23,2974"
"2,8400";"3,0309";"1,3978";"1,5952";"3,0308";"0,0000";"1397,7738";"23,2962"
"2,8600";"3,0728";"1,3975";"1,6172";"3,0727";"0,0000";"1397,4636";"23,2911"
"2,8800";"3,1153";"1,3970";"1,6396";"3,1152";"0,0000";"1396,9901";"23,2832"
"2,9000";"3,1581";"1,3963";"1,6621";"3,1580";"0,0000";"1396,2583";"23,2710"
"2,9200";"3,2010";"1,3952";"1,6847";"3,2010";"0,0000";"1395,1541";"23,2526"
"2,9400";"3,2441";"1,3938";"1,7074";"3,2441";"0,0000";"1393,8230";"23,2304"
"2,9600";"3,2872";"1,3922";"1,7301";"3,2871";"0,0000";"1392,2031";"23,2034"
"2,9800";"3,3305";"1,3905";"1,7529";"3,3304";"0,0000";"1390,5065";"23,1751"
"3,0000";"3,3737";"1,3886";"1,7756";"3,3736";"0,0000";"1388,5782";"23,1430"
"3,0200";"3,4172";"1,3867";"1,7985";"3,4171";"0,0000";"1386,7388";"23,1123"
"3,0400";"3,4607";"1,3848";"1,8214";"3,4606";"0,0000";"1384,8047";"23,0801"
"3,0600";"3,5046";"1,3830";"1,8445";"3,5046";"0,0000";"1383,0249";"23,0504"
"3,0800";"3,5493";"1,3815";"1,8680";"3,5492";"0,0000";"1381,4923";"23,0249"
"3,1000";"3,5937";"1,3797";"1,8914";"3,5936";"0,0000";"1379,6520";"22,9942"
"3,1200";"3,6380";"1,3777";"1,9147";"3,6380";"0,0000";"1377,6770";"22,9613"
"3,1400";"3,6824";"1,3757";"1,9381";"3,6824";"0,0000";"1375,6609";"22,9277"
"3,1600";"3,7266";"1,3734";"1,9613";"3,7265";"0,0000";"1373,4360";"22,8906"
"3,1800";"3,7706";"1,3712";"1,9845";"3,7705";"0,0000";"1371,1581";"22,8526"
"3,2000";"3,8144";"1,3688";"2,0075";"3,8143";"0,0000";"1368,8246";"22,8137"
"3,2200";"3,8579";"1,3664";"2,0304";"3,8578";"0,0000";"1366,4233";"22,7737"
"3,2400";"3,9018";"1,3643";"2,0535";"3,9017";"0,0000";"1364,3450";"22,7391"
"3,2600";"3,9459";"1,3624";"2,0767";"3,9458";"0,0000";"1362,4237";"22,7071"
"3,2800";"3,9903";"1,3607";"2,1001";"3,9902";"0,0000";"1360,6823";"22,6780"
"3,3000";"4,0349";"1,3590";"2,1236";"4,0349";"0,0000";"1359,0112";"22,6502"
"3,3200";"4,0795";"1,3572";"2,1471";"4,0794";"0,0000";"1357,2476";"22,6208"
"3,3400";"4,1242";"1,3555";"2,1706";"4,1242";"0,0000";"1355,5402";"22,5923"
"3,3600";"4,1685";"1,3535";"2,1939";"4,1684";"0,0000";"1353,5106";"22,5585"
"3,3800";"4,2122";"1,3513";"2,2169";"4,2121";"0,0000";"1351,2858";"22,5214"
"3,4000";"4,2563";"1,3494";"2,2401";"4,2562";"0,0000";"1349,3801";"22,4897"
"3,4200";"4,3003";"1,3475";"2,2633";"4,3003";"0,0000";"1347,4911";"22,4582"
"3,4400";"4,3441";"1,3455";"2,2863";"4,3440";"0,0000";"1345,5349";"22,4256"
"3,4600";"4,3880";"1,3437";"2,3094";"4,3879";"0,0000";"1343,6523";"22,3942"
"3,4800";"4,4312";"1,3415";"2,3321";"4,4311";"0,0000";"1341,4871";"22,3581"
"3,5000";"4,4741";"1,3393";"2,3548";"4,4741";"0,0000";"1339,3317";"22,3222"
"3,5200";"4,5172";"1,3374";"2,3774";"4,5171";"0,0000";"1337,3983";"22,2900"
"3,5400";"4,5604";"1,3357";"2,4002";"4,5604";"0,0000";"1335,6885";"22,2615"
"3,5600";"4,6037";"1,3340";"2,4230";"4,6036";"0,0000";"1334,0453";"22,2341"
"3,5800";"4,6473";"1,3326";"2,4459";"4,6473";"0,0000";"1332,6274";"22,2105"
"3,6000";"4,6909";"1,3312";"2,4689";"4,6909";"0,0000";"1331,2012";"22,1867"
"3,6200";"4,7344";"1,3297";"2,4918";"4,7343";"0,0000";"1329,6844";"22,1614"
"3,6400";"4,7775";"1,3280";"2,5144";"4,7774";"0,0000";"1327,9731";"22,1329"
"3,6600";"4,8203";"1,3262";"2,5370";"4,8202";"0,0000";"1326,1909";"22,1032"
"3,6800";"4,8630";"1,3244";"2,5594";"4,8629";"0,0000";"1324,4318";"22,0739"
"3,7000";"4,9052";"1,3225";"2,5816";"4,9051";"0,0000";"1322,4507";"22,0408"
"3,7200";"4,9472";"1,3206";"2,6037";"4,9471";"0,0000";"1320,5908";"22,0098"
"3,7400";"4,9896";"1,3191";"2,6261";"4,9895";"0,0000";"1319,0762";"21,9846"
"3,7600";"5,0321";"1,3177";"2,6484";"5,0320";"0,0000";"1317,6796";"21,9613"
"3,7800";"5,0745";"1,3162";"2,6707";"5,0744";"0,0000";"1316,2395";"21,9373"
"3,8000";"5,1166";"1,3147";"2,6929";"5,1165";"0,0000";"1314,6824";"21,9114"
"3,8200";"5,1585";"1,3131";"2,7149";"5,1584";"0,0000";"1313,1158";"21,8853"
"3,8400";"5,2005";"1,3117";"2,7371";"5,2004";"0,0000";"1311,7064";"21,8618"
"3,8600";"5,2425";"1,3103";"2,7592";"5,2424";"0,0000";"1310,3190";"21,8386"
"3,8800";"5,2846";"1,3091";"2,7813";"5,2846";"0,0000";"1309,0782";"21,8180"
"3,9000";"5,3268";"1,3078";"2,8035";"5,3267";"0,0000";"1307,8469";"21,7974"
"3,9200";"5,3690";"1,3067";"2,8257";"5,3689";"0,0000";"1306,6703";"21,7778"
"3,9400";"5,4110";"1,3054";"2,8479";"5,4110";"0,0000";"1305,4052";"21,7568"
"3,9600";"5,4528";"1,3040";"2,8699";"5,4527";"0,0000";"1304,0078";"21,7335"
"3,9800";"5,4945";"1,3027";"2,8918";"5,4944";"0,0000";"1302,6604";"21,7110"
"4,0000";"5,5361";"1,3013";"2,9137";"5,5361";"0,0000";"1301,3119";"21,6885"
"4,0200";"5,5780";"1,3002";"2,9357";"5,5779";"0,0000";"1300,1710";"21,6695"
"4,0400";"5,6198";"1,2990";"2,9577";"5,6197";"0,0000";"1298,9695";"21,6495"
"4,0600";"5,6612";"1,2976";"2,9795";"5,6611";"0,0000";"1297,6393";"21,6273"
"4,0800";"5,7030";"1,2965";"3,0015";"5,7029";"0,0000";"1296,5482";"21,6091"
"4,1000";"5,7449";"1,2956";"3,0236";"5,7448";"0,0000";"1295,5800";"21,5930"
"4,1200";"5,7866";"1,2944";"3,0455";"5,7865";"0,0000";"1294,4399";"21,5740"
"4,1400";"5,8280";"1,2931";"3,0673";"5,8279";"0,0000";"1293,1335";"21,5522"
"4,1600";"5,8693";"1,2919";"3,0891";"5,8692";"0,0000";"1291,8875";"21,5315"
"4,1800";"5,9107";"1,2907";"3,1108";"5,9106";"0,0000";"1290,7052";"21,5118"
"4,2000";"5,9517";"1,2894";"3,1324";"5,9516";"0,0000";"1289,3816";"21,4897"
"4,2200";"5,9923";"1,2879";"3,1538";"5,9922";"0,0000";"1287,9059";"21,4651"
"4,2400";"6,0332";"1,2867";"3,1753";"6,0332";"0,0000";"1286,7467";"21,4458"
"4,2600";"6,0739";"1,2854";"3,1967";"6,0738";"0,0000";"1285,4448";"21,4241"
"4,2800";"6,1141";"1,2840";"3,2179";"6,1141";"0,0000";"1284,0343";"21,4006"
"4,3000";"6,1548";"1,2829";"3,2393";"6,1547";"0,0000";"1282,9196";"21,3820"
"4,3200";"6,1955";"1,2819";"3,2607";"6,1954";"0,0000";"1281,9119";"21,3652"
"4,3400";"6,2361";"1,2809";"3,2821";"6,2360";"0,0000";"1280,8876";"21,3481"
"4,3600";"6,2767";"1,2798";"3,3035";"6,2766";"0,0000";"1279,8119";"21,3302"
"4,3800";"6,3163";"1,2783";"3,3243";"6,3162";"0,0000";"1278,3002";"21,3050"
"4,4000";"6,3561";"1,2770";"3,3453";"6,3560";"0,0000";"1277,0277";"21,2838"
"4,4200";"6,3963";"1,2761";"3,3664";"6,3962";"0,0000";"1276,0502";"21,2675"
"4,4400";"6,4363";"1,2750";"3,3875";"6,4362";"0,0000";"1274,9507";"21,2492"
"4,4600";"6,4759";"1,2738";"3,4083";"6,4758";"0,0000";"1273,7505";"21,2292"
"4,4800";"6,5156";"1,2726";"3,4292";"6,5155";"0,0000";"1272,6141";"21,2102"
"4,5000";"6,5547";"1,2713";"3,4498";"6,5546";"0,0000";"1271,2516";"21,1875"
"4,5200";"6,5935";"1,2698";"3,4702";"6,5934";"0,0000";"1269,8394";"21,1640"
"4,5400";"6,6323";"1,2685";"3,4906";"6,6322";"0,0000";"1268,5491";"21,1425"
"4,5600";"6,6713";"1,2675";"3,5112";"6,6712";"0,0000";"1267,5171";"21,1253"
"4,5800";"6,7105";"1,2667";"3,5318";"6,7104";"0,0000";"1266,6536";"21,1109"
"4,6000";"6,7499";"1,2658";"3,5525";"6,7498";"0,0000";"1265,8450";"21,0974"
"4,6200";"6,7887";"1,2648";"3,5730";"6,7887";"0,0000";"1264,7828";"21,0797"
"4,6400";"6,8272";"1,2636";"3,5932";"6,8271";"0,0000";"1263,5507";"21,0592"
"4,6600";"6,8660";"1,2627";"3,6137";"6,8659";"0,0000";"1262,6674";"21,0445"
"4,6800";"6,9051";"1,2619";"3,6342";"6,9050";"0,0000";"1261,9210";"21,0320"
"4,7000";"6,9443";"1,2612";"3,6548";"6,9442";"0,0000";"1261,2072";"21,0201"
"4,7200";"6,9832";"1,2604";"3,6753";"6,9831";"0,0000";"1260,3584";"21,0060"
"4,7400";"7,0218";"1,2594";"3,6957";"7,0217";"0,0000";"1259,3539";"20,9892"
"4,7600";"7,0596";"1,2579";"3,7155";"7,0595";"0,0000";"1257,9219";"20,9654"
"4,7800";"7,0971";"1,2565";"3,7353";"7,0970";"0,0000";"1256,4940";"20,9416"
"4,8000";"7,1348";"1,2553";"3,7551";"7,1347";"0,0000";"1255,3279";"20,9221"
"4,8200";"7,1727";"1,2544";"3,7751";"7,1726";"0,0000";"1254,3503";"20,9058"
"4,8400";"7,2108";"1,2535";"3,7951";"7,2107";"0,0000";"1253,5332";"20,8922"
"4,8600";"7,2489";"1,2528";"3,8152";"7,2489";"0,0000";"1252,7574";"20,8793"
"4,8800";"7,2868";"1,2518";"3,8351";"7,2867";"0,0000";"1251,8251";"20,8638"
"4,9000";"7,3244";"1,2509";"3,8549";"7,3244";"0,0000";"1250,8774";"20,8480"
"4,9200";"7,3625";"1,2501";"3,8749";"7,3624";"0,0000";"1250,1478";"20,8358"
"4,9400";"7,4007";"1,2496";"3,8951";"7,4007";"0,0000";"1249,5967";"20,8266"
"4,9600";"7,4388";"1,2489";"3,9151";"7,4387";"0,0000";"1248,8702";"20,8145"
"4,9800";"7,4766";"1,2480";"3,9350";"7,4765";"0,0000";"1248,0459";"20,8008"
"5,0000";"7,5144";"1,2472";"3,9549";"7,5143";"0,0000";"1247,2469";"20,7874"
"5,0200";"7,5524";"1,2465";"3,9749";"7,5523";"0,0000";"1246,5255";"20,7754"
"5,0400";"7,5901";"1,2457";"3,9948";"7,5900";"0,0000";"1245,7230";"20,7621"
"5,0600";"7,6279";"1,2449";"4,0146";"7,6278";"0,0000";"1244,9415";"20,7490"
"5,0800";"7,6655";"1,2441";"4,0344";"7,6654";"0,0000";"1244,1188";"20,7353"
"5,1000";"7,7030";"1,2433";"4,0542";"7,7030";"0,0000";"1243,2610";"20,7210"
"5,1200";"7,7402";"1,2422";"4,0738";"7,7401";"0,0000";"1242,2371";"20,7040"
"5,1400";"7,7776";"1,2414";"4,0934";"7,7775";"0,0000";"1241,3981";"20,6900"
"5,1600";"7,8151";"1,2407";"4,1131";"7,8150";"0,0000";"1240,6665";"20,6778"
"5,1800";"7,8530";"1,2402";"4,1331";"7,8529";"0,0000";"1240,1794";"20,6697"
"5,2000";"7,8909";"1,2397";"4,1531";"7,8908";"0,0000";"1239,6597";"20,6610"
"5,2200";"7,9288";"1,2391";"4,1730";"7,9287";"0,0000";"1239,1198";"20,6520"
"5,2400";"7,9665";"1,2384";"4,1928";"7,9664";"0,0000";"1238,4077";"20,6401"
"5,2600";"8,0044";"1,2379";"4,2128";"8,0043";"0,0000";"1237,8622";"20,6310"
"5,2800";"8,0425";"1,2374";"4,2329";"8,0425";"0,0000";"1237,3551";"20,6226"
"5,3000";"8,0805";"1,2368";"4,2528";"8,0804";"0,0000";"1236,7607";"20,6127"
"5,3200";"8,1184";"1,2361";"4,2728";"8,1183";"0,0000";"1236,1239";"20,6021"
"5,3400";"8,1562";"1,2355";"4,2927";"8,1561";"0,0000";"1235,4514";"20,5909"
"5,3600";"8,1941";"1,2348";"4,3126";"8,1940";"0,0000";"1234,7704";"20,5795"
"5,3800";"8,2318";"1,2341";"4,3325";"8,2317";"0,0000";"1234,0656";"20,5678"
"5,4000";"8,2698";"1,2335";"4,3525";"8,2697";"0,0000";"1233,4534";"20,5576"
"5,4200";"8,3075";"1,2327";"4,3723";"8,3075";"0,0000";"1232,7366";"20,5456"
"5,4400";"8,3450";"1,2319";"4,3921";"8,3449";"0,0000";"1231,8926";"20,5315"
"5,4600";"8,3824";"1,2310";"4,4117";"8,3823";"0,0000";"1231,0247";"20,5171"
"5,4800";"8,4198";"1,2302";"4,4314";"8,4197";"0,0000";"1230,1736";"20,5029"
"5,5000";"8,4569";"1,2293";"4,4510";"8,4568";"0,0000";"1229,2765";"20,4879"
"5,5200";"8,4943";"1,2286";"4,4706";"8,4942";"0,0000";"1228,5693";"20,4762"
"5,5400";"8,5319";"1,2280";"4,4904";"8,5318";"0,0000";"1227,9730";"20,4662"
"5,5600";"8,5696";"1,2274";"4,5102";"8,5695";"0,0000";"1227,4082";"20,4568"
"5,5800";"8,6077";"1,2271";"4,5303";"8,6076";"0,0000";"1227,0981";"20,4516"
"5,6000";"8,6462";"1,2269";"4,5506";"8,6461";"0,0000";"1226,9075";"20,4485"
"5,6200";"8,6844";"1,2264";"4,5707";"8,6843";"0,0000";"1226,4280";"20,4405"
"5,6400";"8,7225";"1,2259";"4,5907";"8,7224";"0,0000";"1225,9199";"20,4320"
"5,6600";"8,7609";"1,2255";"4,6110";"8,7608";"0,0000";"1225,4922";"20,4249"
"5,6800";"8,7991";"1,2249";"4,6311";"8,7990";"0,0000";"1224,9246";"20,4154"
"5,7000";"8,8371";"1,2242";"4,6511";"8,8370";"0,0000";"1224,2134";"20,4036"
"5,7200";"8,8749";"1,2235";"4,6710";"8,8749";"0,0000";"1223,4510";"20,3909"
"5,7400";"8,9130";"1,2228";"4,6910";"8,9129";"0,0000";"1222,8413";"20,3807"
"5,7600";"8,9517";"1,2225";"4,7114";"8,9516";"0,0000";"1222,5389";"20,3756"
"5,7800";"8,9904";"1,2221";"4,7317";"8,9903";"0,0000";"1222,1071";"20,3685"
"5,8000";"9,0285";"1,2214";"4,7518";"9,0284";"0,0000";"1221,3715";"20,3562"
"5,8200";"9,0665";"1,2206";"4,7718";"9,0664";"0,0000";"1220,5520";"20,3425"
"5,8400";"9,1046";"1,2198";"4,7918";"9,1045";"0,0000";"1219,8403";"20,3307"
"5,8600";"9,1426";"1,2191";"4,8119";"9,1426";"0,0000";"1219,0951";"20,3183"
"5,8800";"9,1807";"1,2183";"4,8319";"9,1806";"0,0000";"1218,3335";"20,3056"
"5,9000";"9,2186";"1,2176";"4,8519";"9,2186";"0,0000";"1217,5503";"20,2925"
"5,9200";"9,2566";"1,2168";"4,8718";"9,2565";"0,0000";"1216,7815";"20,2797"
"5,9400";"9,2948";"1,2162";"4,8920";"9,2947";"0,0000";"1216,1642";"20,2694"
"5,9600";"9,3334";"1,2157";"4,9123";"9,3333";"0,0000";"1215,6982";"20,2616"
"5,9800";"9,3714";"1,2149";"4,9323";"9,3714";"0,0000";"1214,8966";"20,2483"
"6,0000";"9,4094";"1,2140";"4,9523";"9,4093";"0,0000";"1214,0432";"20,2341"
"6,0200";"9,4475";"1,2133";"4,9723";"9,4474";"0,0000";"1213,2670";"20,2211"
"6,0400";"9,4857";"1,2125";"4,9924";"9,4856";"0,0000";"1212,5060";"20,2084"
"6,0600";"9,5242";"1,2119";"5,0127";"9,5241";"0,0000";"1211,8516";"20,1975"
"6,0800";"9,5628";"1,2111";"5,0330";"9,5627";"0,0000";"1211,1277";"20,1855"
"6,1000";"9,6009";"1,2100";"5,0530";"9,6008";"0,0000";"1209,9761";"20,1663"
"6,1200";"9,6389";"1,2087";"5,0730";"9,6388";"0,0000";"1208,6659";"20,1444"
"6,1400";"9,6771";"1,2073";"5,0931";"9,6770";"0,0000";"1207,2990";"20,1216"
"6,1600";"9,7158";"1,2059";"5,1135";"9,7157";"0,0000";"1205,9437";"20,0991"
"6,1800";"9,7552";"1,2045";"5,1343";"9,7551";"0,0000";"1204,5282";"20,0755"
"6,2000";"9,7950";"1,2028";"5,1552";"9,7949";"0,0000";"1202,8447";"20,0474"
"6,2200";"9,8352";"1,2007";"5,1764";"9,8351";"0,0000";"1200,7444";"20,0124"
"6,2400";"9,8759";"1,1981";"5,1978";"9,8758";"0,0000";"1198,0596";"19,9677"
"6,2600";"9,9183";"1,1945";"5,2201";"9,9182";"0,0000";"1194,5270";"19,9088"
"6,2800";"9,9631";"1,1895";"5,2437";"9,9630";"0,0000";"1189,4983";"19,8250"
"6,2910";"9,9898";"1,1757";"5,2577";"9,9897";"0,0000";"1175,7041";"19,5951"
"6,2922";"9,9945";"1,1626";"5,2602";"9,9945";"0,0000";"1162,5779";"19,3763"
"6,2932";"10,0001";"1,1471";"5,2632";"10,0000";"0,0000";"1147,0880";"19,1181"
"6,2940";"10,0057";"1,1322";"5,2661";"10,0057";"0,0000";"1132,1805";"18,8697"
"6,2946";"10,0108";"1,1196";"5,2688";"10,0107";"0,0000";"1119,5848";"18,6597"
"6,2952";"10,0165";"1,1059";"5,2718";"10,0164";"0,0000";"1105,9192";"18,4320"
"6,2958";"10,0229";"1,0911";"5,2752";"10,0228";"0,0000";"1091,1185";"18,1853"
"6,2964";"10,0300";"1,0755";"5,2789";"10,0299";"0,0000";"1075,4761";"17,9246"
"6,2970";"10,0377";"1,0588";"5,2830";"10,0376";"0,0000";"1058,8486";"17,6475"
"6,2976";"10,0460";"1,0415";"5,2873";"10,0459";"0,0000";"1041,5276";"17,3588"
"6,2982";"10,0547";"1,0235";"5,2919";"10,0546";"0,0000";"1023,4567";"17,0576"
"6,2988";"10,0639";"1,0048";"5,2968";"10,0639";"0,0000";"1004,7723";"16,7462"
"6,2992";"10,0703";"0,9921";"5,3001";"10,0702";"0,0000";"992,0563";"16,5343"
"6,2996";"10,0768";"0,9791";"5,3035";"10,0767";"0,0000";"979,0661";"16,3178"
"6,3000";"10,0834";"0,9659";"5,3070";"10,0833";"0,0000";"965,8772";"16,0980"
"6,3004";"10,0900";"0,9526";"5,3105";"10,0900";"0,0000";"952,5739";"15,8762"
"6,3008";"10,0968";"0,9391";"5,3141";"10,0967";"0,0000";"939,1005";"15,6517"
"6,3012";"10,1036";"0,9254";"5,3176";"10,1035";"0,0000";"925,4371";"15,4240"
"6,3016";"10,1104";"0,9117";"5,3212";"10,1103";"0,0000";"911,6877";"15,1948"
"6,3020";"10,1172";"0,8979";"5,3248";"10,1171";"0,0000";"897,8799";"14,9647"
"6,3024";"10,1240";"0,8839";"5,3284";"10,1239";"0,0000";"883,9420";"14,7324"
"6,3028";"10,1307";"0,8699";"5,3319";"10,1306";"0,0000";"869,9059";"14,4984"
"6,3032";"10,1374";"0,8559";"5,3354";"10,1373";"0,0000";"855,8605";"14,2643"
"6,3036";"10,1439";"0,8418";"5,3389";"10,1439";"0,0000";"841,7755";"14,0296"
"6,3040";"10,1504";"0,8276";"5,3423";"10,1503";"0,0000";"827,6068";"13,7934"
"6,3044";"10,1567";"0,8134";"5,3456";"10,1566";"0,0000";"813,4241";"13,5571"
"6,3048";"10,1629";"0,7993";"5,3488";"10,1628";"0,0000";"799,2682";"13,3211"
"6,3052";"10,1689";"0,7851";"5,3520";"10,1688";"0,0000";"785,0852";"13,0848"
"6,3056";"10,1747";"0,7709";"5,3551";"10,1747";"0,0000";"770,8781";"12,8480"
"6,3060";"10,1804";"0,7567";"5,3581";"10,1803";"0,0000";"756,7109";"12,6118"
"6,3064";"10,1858";"0,7426";"5,3609";"10,1857";"0,0000";"742,5762";"12,3763"
"6,3068";"10,1910";"0,7284";"5,3637";"10,1910";"0,0000";"728,4407";"12,1407"
"6,3072";"10,1960";"0,7143";"5,3663";"10,1960";"0,0000";"714,3383";"11,9056"

